word,attr
また,累加
又,累加
亦,累加
そして,累加
それに,累加
しかも,累加
さらに,累加
それから,累加
そのうえ,累加
そのうえに,累加
それと,累加
おまけに,累加
ちなみに,累加
因みに,累加
なお,累加
尚,累加
なぜなら,累加
ただし,累加
但し,累加
ただ,累加
但,累加
かつ,累加
とどうじに,累加
と同時に,累加
あわせて,累加
併せて,累加
おなじく,累加
同じく,累加
それも,累加
ましてや,累加
それどころか,累加
どころか,累加
ついで,累加
次いで,累加
ならびに,累加
まずは,累加
つぎに,累加
次に,累加
そのうえで,累加
だとすれば,累加
とすれば,累加
ほな,累加
ほなら,累加
ほんなら,累加
そういや,累加
そういえば,累加
そーいや,累加
それだけに,累加
だって,累加
というのも,累加
じつは,累加
実は,累加
ほんとうは,累加
本当は,累加
もっとも,累加
尤も,累加
ともすれば,累加
そもそも,累加
じゃ,累加
んじゃ,累加
しかしながら,累加
然しながら,累加
然し乍ら,累加
それだけに,累加
つまるところ,累加
そうですが,累加
しかし,逆接
然し,逆接
でも,逆接
ところが,逆接
だが,逆接
ですけれど,逆接
しかしながら,逆接
然し乍ら,逆接
然しながら,逆接
けれども,逆接
けれど,逆接
ですが,逆接
それでも,逆接
じゃが,逆接
だけど,逆接
されど,逆接
が,逆接
けど,逆接
そうですが,逆接
だけれども,逆接
だからといって,逆接
さりとて,逆接
なのに,逆接
それなのに,逆接
にもかかわらず,逆接
さもなければ,逆接
でないと,逆接
いな,逆接
いや,逆接
否,逆接
いえ,逆接
じつは,逆接
実は,逆接
本当は,逆接
ほんとうは,逆接
そもそも,逆接
だからといって,逆接
はんめん,逆接
反面,逆接
そうですがぎゃくに,逆接
逆に,逆接
でなければ,逆接
てゆーか,逆接
てか,逆接
ってか,逆接
なので,因果
だから,因果
ですから,因果
ゆえに,因果
故に,因果
ほんで,因果
そこで,因果
そやさかい,因果
すると,因果
だとすると,因果
そうなると,因果
そうすると,因果
だとすれば,因果
とすれば,因果
だからこそ,因果
それで,因果
かくして,因果
こうして,因果
そうして,因果
で,因果
それだけに,因果
したがって,因果
従って,因果
よって,因果
それから,因果
そうしたら.したら,因果
そしたら,因果
では,因果
じゃ,因果
んじゃ,因果
または,並列
又は,並列
あるいは,並列
或いは,並列
或は,並列
もしくは,並列
若しくは,並列
それとも,並列
ないし,並列
乃至,並列
つまり,並列
すなわち,並列
即ち,並列
いっぽう,並列
一方,並列
かたや,並列
および,並列
及び,並列
ないしは,並列
ならびに,並列
並びに,並列
それから,並列
それでいて,並列
したがって,並列
従って,並列
よって,並列
てゆーか,並列
てか,並列
ってか`,並列
では,転換
それでは,転換
ところで,転換
さて,転換
それじゃ,転換
じゃあ,転換
ふんじゃ,転換
ほんじゃ,転換
んじゃ,転換
じゃ,転換
ほんなら,転換
ほな,転換
ほなら,転換
それにしても,転換
ともあれ,転換
さあ,転換
そうしたら,転換
したら,転換
そしたら,転換
ならば,転換
なら、それなら,転換
てゆーか,転換
てか,転換
ってか,転換
そういや,転換
そういえば,転換
そーいや,転換
たとえば,例示
例えば,例示
譬えば,例示
たとへば,例示
例へば,例示
譬へば,例示